{
	"testswarm": {
		"name": "AmplifyJS Commit <a href=\"http://github.com/appendto/amplify/commit/{$REV_FULL$}\">#{$REV$}</a>",
		"jobs": [
			{
				"browsers": "popularbetamobile",
				"suites": {
					"core": "core/test/test.html",
					"request": "request/test/test.html",
					"request 1.6": "request/test/test.html?jquery=1.6",
					"request 1.5.2": "request/test/test.html?jquery=1.5.2",
					"request 1.5.1": "request/test/test.html?jquery=1.5.1",
					"request 1.5": "request/test/test.html?jquery=1.5",
					"request 1.4.4": "request/test/test.html?jquery=1.4.4",
					"request 1.4.3": "request/test/test.html?jquery=1.4.3",
					"request 1.4.2": "request/test/test.html?jquery=1.4.2",
					"request 1.4.1": "request/test/test.html?jquery=1.4.1",
					"request 1.4": "request/test/test.html?jquery=1.4",
					"store": "store/test/test.html"
				}
			}
		]
	}
}
